caseid,sim_order,log_order,sim_score,run_num
70,N	~uยขuยจยbยกยย!P,N	~uuยจย=bย!P,0.6138802595022608,1
71,N	~uยขuยขuยขuยจยbยกยย!P,hยuยขuยขcuยจย=bยกย(!P,0.5046280559590341,1
72,N	~uยจยbยกยย!P,ยยยฅuSFQbยกยย!P,0.5795874368754994,1
73,N	~uยจยbยกยย!P,NยฆยuSJbยกยย!P,0.577106974923365,1
74,N	~uยจยbยกยย!P,N	~ยVยจย}pยยกยย/!P,0.5130284262474338,1
75,N	~uยจยbยกยย!P,NhยuSย>ยยกยย!P,0.5380265237135841,1
76,N	~uยจยbยกยย!P,*~uVยจย=bยย!P,0.5265481892619566,1
77,N	~uยจยbยกยย!P,I	~cVSJยยกย(!P,0.496014367252409,1
78,N	~uยขuยขuยขuยจยbยกยย!P,ย	ยuยขuYuยขcuSJยยกยย/!P,0.5300118571695958,1
79,N	~uยจยbยกยย!P,ยh~cSJbยกยยyP,0.5729620419512161,1
80,N	~uยจยbยกยย!P,ย	ยuยจย=bยยyยP,0.49417442845265813,1
81,N	~uยจยbยกยย!P,ย	ยuVยจย>ยยกยย/%P,0.47966354425157187,1
82,N	~uยจยbยกยย!P,Nh~cVยจย=ยยกยย/!P,0.5218799632435827,1
83,N	~uยขuยขuยขuยจยbยกยย!P,Ih~uWยจย=ยยกยย/!P,0.39638257242876784,1
84,N	~uยขuยขuยขuยจยbยกยย!P,NยฆยuยขuuยขuVยจยย^pย&Gย/!P,0.3592251005409909,1
85,N	~uยจยbยกยย!P,I	~uVยจ>ยยก7ยย!P,0.49793876971536033,1
86,N	~uยขuยจยbยกยย!P,	ยuยขcVSJpยยกย(yP,0.4344033815295645,1
87,N	~uยจยbยกยย!P,ย	ย'VยจยQยยกยย/!P,0.46210380348225266,1
88,N	~uยขuยขuยจยbยกยย!P,N	ยcY+Yuยจย=bยย/%P,0.41224573210857207,1
89,N	~uยขuยจยbยกยย!P,|~cSJpยยกย(!P,0.4275852690875148,1
90,N	~uยจยbยกยย!P,	ยuVยจยยbยn!P,0.4927474088355812,1
91,N	~uยขuยจยbยกยย!P,h~uuVยจย>pยยกยย/%P,0.42539591236257346,1
92,N	~uยจยbยกยย!P,xh~cSJย^bยกย(!P,0.48901943943110304,1
93,N	~uยขuยขuยขuยขuยขuยขuยขuยขuยขuยขuยจยbยกยย!P,ehยuยขucauยขuยขcSJย^bยย!P,0.30690350389844223,1
94,N	~uยขuยขuยขuยจยbยกยย!P,h~uYuยขcauยจFQpยยกยย!P,0.35082259631129764,1
95,N	~uยขuยขuยขuยจยbยกยย!P,"Nh~uu;cauยขuSJQยยzยกยย/!P",0.3996750024374178,1
96,N	~uยขuยขuยขuยขuยจยbยกยย!P,ย@~u;cacuยขuVยจยย^bยกย(yยP,0.33688308494064445,1
97,N	~uยขuยจยbยกยย!P,ย	~cSJpยยกยย/%P,0.42674179687064273,1
98,N	~uยจยbยกยย!P,N	ย'VยจยQpยยกยยยfP,0.43263488547803775,1
99,N	~uยจยbยกยย!P,N	~ยVยจยpย&7ย/!P,0.46509507441758813,1
100,N	~uยขuยขuยจยbยกยย!P,N	ยcauVSJ>ยpยยกยย/!P,0.35398635943002843,1
101,N	~uยขuยจยbยกยย!P,Nh~uVSJpยยกย(yP,0.40864329280771616,1
102,N	~uยจยbยกยย!P,N	~uVSJpย&Gย/%P,0.4449536416083101,1
103,N	~uยจยbยกยย!P,xh~uVยจย=b7ยย!P,0.45665604457006703,1
104,N	~uยขuยขuยขuยขuยจยbยกยย!P,Ih~cacjYcacSยbยย!P,0.2830749735878081,1
105,N	~uยขuยขuยขuยจยbยกยย!P,"N	ยcacVยจย}
bยกย(yยP",0.2807211862012463,1
106,N	~uยจยbยกยย!P,h~uVยจFQยยก7ยย!P,0.45423619325349085,1
107,N	~uยขuยจยbยกยย!P,NยฆยuSJQpยยกย!P,0.3721901110794412,1
108,N	~uยขuยจยbยกยย!P,e2ยuยขcยจยQยpย&Gย/!P,0.3718734588809596,1
109,N	~uยจยbยกยย!P,x	~uVSJbยยย!P,0.4052138948529357,1
110,N	~uยจยbยกยย!P,dhยcยจย=ยยกs`[!P,0.4063400036527879,1
111,N	~uยขuยจยbยกยย!P,ย@~uยขcSJpย&Gย/!P,0.3828514035302514,1
112,N	~uยขuยจยbยกยย!P,N	ยuยจยยs`[!P,0.34687218926915475,1
113,N	~uยจยbยกยย!P,ย	ยcยจย=pย&Gย/!P,0.40771008796519825,1
114,N	~uยจยbยกยย!P,x)5uSยQbยยyP,0.3925060871603563,1
115,N	~uยขuยจยbยกยย!P,*~ยSJpย&ย.!P,0.3454102042249534,1
116,N	~uยขuยขuยขuยจยbยกยย!P,ยh~uยขuยขuVยจ\}bยยยf3l,0.3290254575458421,1
117,N	~uยขuยขuยจยbยกยย!P,N	~uยขuยขu,0.31785702030405016,1
118,N	~uยขuยจยbยกยย!P,Nยฆ~uVยจยยpย&Gย/%P,0.3542715652515367,1
119,N	~uยขuยจยbยกยย!P,"ย	ย'uVยจย=pยยกยยยfP",0.41290207157895886,1
120,N	~uยจยbยกยย!P,ย@cSJb7ยย!P,0.38225943796332773,1
121,N	~uยขuยจยbยกยย!P,Nยฆ~ยยจยQpย&Gยย!P,0.3305954047859341,1
122,N	~uยจยbยกยย!P,dhยuVยจย=pย&Gย/!P,0.3582776285694028,1
123,N	~uยขuยขuยขuยจยbยกยย!P,I	~ยยฃยWYcSJ>bยกย.q!P,0.2907332558170511,1
124,N	~uยขuยขuยจยbยกยย!P,Nh~cacauVยจย=b7O!P,0.32847268862804035,1
125,N	~uยจยbยกยย!P,x	ยuSJQbยยย!P,0.42533675114842806,1
126,N	~uยขuยขuยขuยจยbยกยย!P,Nhยcacacacยจย=bยยyP,0.32236189725241393,1
127,N	~uยขuยขuยขuยขuยขuยขuยขuยขuยจยbยกยย!P,"Nยฆย'ucacauยขuยขucacSJ}pย&Gย!P",0.3255275912014347,1
128,N	~uยจยbยกยย!P,hยuยจย>ยgTmsย!P,0.39292717749463024,1
129,N	~uยขuยขuยขuยจยbยกยย!P,x	ย'WuยขuVSpยยกยย/%0ยP,0.2673213406367645,1
130,N	~uยขuยจยbยกยย!P,ย	~ยยBZkยยกยยย!P,0.32910992939835304,1
131,N	~uยจยbยกยย!P,Nยฆย'Vยจย=pยยกยยyยยง,0.37676487844262174,1
132,N	~uยจยbยกยย!P,e	ยuSF}pยยกย(yยP,0.3560319587591644,1
133,N	~uยขuยขuยขuยขuยขuยขuยขuยจยbยกยย!P,Nhย'cuยขcuยขuยขuVยจ\pย&Gย/%P,0.2725360728202133,1
134,N	~uยจยbยกยย!P,h~ยยSJยpยยกย(!P,0.3459632900649624,1
135,N	~uยขuยขuยขuยจยbยกยย!P,"	ย'Y+""uVSJbยยย!P",0.2735449409284152,1
136,N	~uยจยbยกยย!P,ยhยcSJbยยย!P,0.31704069997819606,1
137,N	~uยจยbยกยย!P,d	~uVยจย=bย.qER,0.3275302508199679,1
138,N	~uยจยbยกยย!P,N	ยcSย>pยยกsยyยP,0.34628205561061076,1
139,N	~uยจยbยกยย!P,hย'SJpย&Gยย!P,0.3156251649880786,1
140,N	~uยขuยขuยขuยจยbยกยย!P,"	ย'c""cยจย=ยยกs`[!P",0.27804054162093517,1
141,N	~uยขuยขuยขuยจยbยกยย!P,"N	~cuSJQยpย&Gยyยยง",0.27549963162863333,1
142,N	~uยขuยจยbยกยย!P,N	~ยยฃcVยจย}pยยกยยyHP,0.3326707597119748,1
143,N	~uยขuยจยbยกยย!P,Nh~cVยจย>pย&Gย/%P,0.2733946465872982,1
144,N	~uยจยbยกยย!P,ยh~uVยจยยpย&Gย/%ยP,0.3260935100879814,1
145,N	~uยขuยขuยขuยจยbยกยย!P,		ยuยขcVยจย=pย&Gย/!P,0.26546737743831883,1
146,N	~uยขuยขuยขuยขuยจยbยกยย!P,e2ยc'uยขcacVยจย=bยยย!P,0.24659582273029967,1
147,N	~uยจยbยกยย!P,ยย~cVยจย=bยยyยยง,0.28733827871593887,1
148,N	~uยจยbยกยย!P,"	ย'S\}
ยยกย.q!P",0.36952576006590154,1
149,N	~uยจยbยกยย!P,Nhย'SJbsยyยP,0.3182988452069888,1
150,N	~uยขuยขuยขuยขuยขuยขuยขuยจยbยกยย!P,	ย'cauยขuยขuSJQยpย&Gย/%ย],0.22384874113864894,1
151,N	~uยขuยขuยขuยขuยจยbยกยย!P,Nยฆย''ujcSJbยย/%ย],0.23791028689860982,1
152,N	~uยขuยขuยจยbยกยย!P,Nยฆย'SJbยยยf3P,0.24816733969142357,1
153,N	~uยจยbยกยย!P,Nh~ยVยจFQpยยกยยยf3P,0.28481098384708936,1
154,N	~uยจยbยกยย!P,ยhยcVยจFQbยย/%P,0.29105104239710977,1
155,N	~uยขuยจยbยกยย!P,"I<ยu""Vยจย=b1v!P",0.3082122021109541,1
156,N	~uยขuยจยbยกยย!P,"ยh~u""VSbยย/%ยP",0.24642270822281176,1
157,N	~uยขuยจยbยกยย!P,"Nยฆ~ยcVSJQpย&Gย/!P",0.2626518386051294,1
158,N	~uยขuยขuยจยbยกยย!P,"Nh~caccVยจย=bยยย!P",0.2379985284764814,1
159,N	~uยจยbยกยย!P,"xhย',ยจยbยย/%P",0.299300323797814,1
160,N	~uยขuยจยbยกยย!P,N	ยuVยจย}pย&Gย/%ย],0.25325155981201,1
161,N	~uยขuยขuยขuยขuยขuยขuยขuยขuยขuยจยbยกยย!P,"ยh~cac""""cacSJ>bยย!P",0.19424303421201294,1
162,N	~uยขuยขuยจยbยกยย!P,N	~uยขu,0.22644712071111428,1
163,N	~uยจยbยกยย!P,"N	ยuVยจย}
ยคoยยยยf3P",0.27922437238283504,1
164,N		~uยขuยขuยขuยขuยขuยจยbยกยย!P,Nยฆ~ยยฃcacaucVยจยQยยzยกยย/%P,0.2083366562655551,1
165,N	~uยจยbยกยย!P,h~ยSJpยยกยย!P,0.3288594666471616,1
166,N	~uยขuยจยbยกยย!P,	ย'Y+ Sย>pยยกยยyP,0.21987947498944693,1
167,N	~uยขuยขuยขuยขuยขuยขuยขuยขuยขuยขuยจยbยกยย!P,"x)ยcacauccYc""uYuยขuuยขuuยขcVSJยbยย!P",0.29956071251048055,1
168,N	~uยขuยจยbยกยย!P,N	~ยSFQpยยกยยยf3l,0.2215018532248456,1
169,N	~uยขuยจยbยกยย!P,"eh~cauVS\}
ยยกย(yยยง",0.22679579553818163,1
170,N	~uยจยbยกยย!P,"ย@~ยVSJ}
pยยกยยyP",0.30631322534889116,1
171,N	~uยจยbยกยย!P,Nยฆ~ยยBZkpย&Gยย!P,0.23551272677762314,1
172,N	~uยขuยขuยขuยขuยจยbยกยย!P,I	ยcยฃcYujYcยจย>ยbยกย.qERP,0.23037867403559364,1
173,N	~uยขuยขuยจยbยกยย!P,e	ยuยขcacยจย}pย&Gยยf3l,0.23302265934080713,1
174,N	~uยจยbยกยย!P,Nh~ยยBZkpย&ยยย!P,0.24512472154906406,1
175,N	~uยขuยขuยขuยจยbยกยย!P,	ยcacVSย>bยยyยP,0.20034209757145305,1
176,N	~uยขuยขuยจยbยกยย!P,ยย~cS\}b1vยP,0.20616678483791706,1
177,N	~uยขuยขuยขuยขuยจยbยกยย!P,N	~ยYuยขcacau,0.18562254890862695,1
178,N	~uยขuยขuยจยbยกยย!P,N	~ยยฃuยขu,0.1751661672815793,1
179,N	~uยขuยจยbยกยย!P,|ยcยจย>ยgยยกsย/%ย],0.20030077683720415,1
180,N	~uยขuยขuยขuยจยbยกยย!P,"hย',ยจย=bยยยf3P",0.15967605380951444,1
181,N	~uยจยbยกยย!P,xhยuVยจย>ยยกยnt?P,0.2343344027686366,1
182,N	~uยขuยขuยขuยขuยขuยจยbยกยย!P,"Nh~ย""cacauยขcยจ\}pยยกยย/%ย]",0.2540094726187695,1
183,N	~uยขuยขuยขuยจยbยกยย!P,N	ย'YcVยจย>ยgTmsย/%0P,0.1388437153100811,1
184,N	~uยขuยขuยขuยจยbยกยย!P,eh~ยVยจยยpย&Gยยf3P,0.1450840063606641,1
185,N	~uยจยbยกยย!P,dh~cVยจFQยbs`[wCP,0.2539882487801899,1
186,N	~uยขuยขuยขuยขuยจยbยกยย!P,N	~u,0.12226599611520017,1
187,N	~uยขuยขuยขuยขuยจยbยกยย!P,|~cSJpย&s`[w6P,0.11638091281799567,1
188,N	~uยขuยขuยขuยขuยจยbยกยย!P,ยh~c;iY+ยจpย&GยยfP,0.12268743072679733,1
189,N	~uยขuยขuยจยbยกยย!P,Nh~cauยขc,0.1377219236903845,1
190,N	~uยจยbยกยย!P,x	ย'VSJpย&Gย/!P,0.2671231019114181,1
191,N	~uยจยbยกยย!P,NhยcSFQpย&GยยfP,0.2621854849191294,1
192,N	~uยจยbยกยย!P,	~u,0.14962550683040565,1
193,N	~uยจยbยกยย!P,"ย	ย',UKยยกย/%ย]",0.16357907264824922,1
194,N	~uยจยbยกยย!P,N	~ยยฃc,0.14043327756901125,1
195,N	~uยจยbยกยย!P,hย'Sยยbยยยf3P,0.1550053285813433,1
196,N	~uยขuยขuยขuยขuยจยbยกยย!P,"Nh~ย""u",0.09363038404106716,1
197,N	~uยขuยจยbยกยย!P,x)5cยจFQpยยกยnt?#,0.11745703615193892,1
198,N	~uยขuยขuยจยbยกยย!P,ย	~c,0.08968840719392934,1
199,N	~uยขuยจยbยกยย!P,ย	ยu,0.0966294892936107,1
200,N	~uยขuยจยbยกยย!P,N	,0.09721415228070174,1
201,N	~uยขuยขuยจยbยกยย!P,e	~c,0.08674215396940876,1
202,N	~uยจยbยกยย!P,ยย~cS}pย&sย/%0ย],0.15400244993034673,1
203,N	~uยจยbยกยย!P,"Nยฆ~ย""",0.10931067988350585,1
204,N	~uยขuยขuยจยbยกยย!P,Nh~c,0.09014333635665328,1
205,N	~uยจยbยกยย!P,	~ย,0.10666362195925871,1
206,N	~uยจยbยกยย!P,h~u,0.10377820680993233,1
207,N	~uยจยbยกยย!P,Nยฆย'jยSQยยzD7O!P,0.19990222517364076,1
208,N	~uยขuยขuยขuยขuยขuยจยbยกยย!P,N	ยc,0.06916594569757728,1
209,N	~uยจยbยกยย!P,N	,0.10832562742040297,1
210,N	~uยจยbยกยย!P,N	ยc,0.10496395490578303,1
211,N	~uยขuยจยbยกยย!P,N	ย',0.09244177029239764,1
212,N	~uยขuยขuยขuยขuยจยbยกยย!P,eh~u,0.07162983193307382,1
213,N	~uยขuยขuยจยbยกยย!P,x	ยu,0.08284953032512554,1
214,N	~uยจยbยกยย!P,N	,0.10712359805068217,1
215,N	~uยจยbยกยย!P,Nh~ย,0.1025415481166978,1
216,N	~uยจยbยกยย!P,"Ih~ucacacacY+""",0.08454442099202097,1
217,N	~uยขuยจยbยกยย!P,xh~u,0.08417394542319179,1
218,N	~uยจยbยกยย!P,d	,0.05535060740740738,1
219,N	~uยขuยจยbยกยย!P,*~caujjYc,0.08149172066315225,1
220,N	~uยขuยจยbยกยย!P,e	,0.04981700666666666,1
221,N	~uยจยbยกยย!P,dh~c,0.05262252407892465,1
222,N	~uยขuยจยbยกยย!P,x	,0.04999438666666656,1
223,N	~uยขuยจยbยกยย!P,ย@ยu,0.04696140851773456,1
224,N	~uยขuยจยbยกยย!P,x	,0.049237721183055916,1
225,N	~uยจยbยกยย!P,Nh,0.05552446393762189,1
226,N	~uยขuยขuยจยbยกยย!P,Nยฆ,0.044791866028708216,1
227,N	~uยจยbยกยย!P,ย	,0.05426136296296291,1
228,N	~uยขuยจยbยกยย!P,NยฆยAXAXA,0.04761399331662497,1
229,N	~uยขuยขuยจยbยกยย!P,h~cac,0.04541679318172376,1
230,N	~uยจยbยกยย!P,	ย',0.054260274074073966,1
231,N	~uยจยbยกยย!P,ย	ย',0.051739284210526315,1
232,N	~uยจยbยกยย!P,	,0.055514718518518524,1
233,N	~uยขuยขuยขuยจยbยกยย!P,Nยฆ,0.04159913499025336,1
234,N	~uยขuยจยbยกยย!P,ย	,0.04953800000000008,1
235,N	~uยขuยขuยขuยขuยขuยขuยขuยขuยขuยจยbยกยย!P,ยhยccau,0.027158382780446022,1
236,N	~uยจยbยกยย!P,h~ย,0.04835218220421367,1
237,N	~uยขuยจยbยกยย!P,Ih~ย,0.047475678868689086,1
238,N	~uยขuยขuยจยbยกยย!P,Nยฆ,0.04526884635832007,1
239,N	~uยจยbยกยย!P,	,0.05068491929824559,1
240,N	~uยขuยขuยจยbยกยย!P,ย	,0.045321521212121185,1
241,N	~uยจยbยกยย!P,ย		ยcac,0.054887392592592676,1
242,N	~uยจยbยกยย!P,e	,0.05551339259259258,1
243,N	~uยขuยจยbยกยย!P,ย	,0.04534041269841271,1
244,N	~uยขuยขuยขuยจยbยกยย!P,e	,0.04154415,1
245,N	~uยขuยขuยขuยจยbยกยย!P,	,0.04161608333333333,1
246,N	~uยจยbยกยย!P,h~c,0.053447705341952645,1
247,N	~uยขuยขuยขuยจยbยกยย!P,Nยฆ,0.04063230994152045,1
248,N	~uยจยbยกยย!P,x	,0.05210511578947352,1
249,N	~uยขuยจยbยกยย!P,h~ย,0.04728321161820792,1
250,N	~uยจยbยกยย!P,Nยฆ,0.05097771280051988,1
251,N	~uยขuยขuยขuยจยbยกยย!P,NยฆยA,0.03703456384015602,1
252,N	~uยจยbยกยย!P,Nยฆ,0.04384753770390892,1
253,N	~uยจยbยกยย!P,Nh,0.04995625406107862,1
254,N	~uยจยbยกยย!P,Nยฆ,0.035972465886939475,1
255,N	~uยขuยจยbยกยย!P,"dhย'jยS\}
pย&ยยยf3P",0.026837964402883108,1
256,N	~uยขuยขuยจยbยกยย!P,xhยcac,0.0,1
257,N	~uยขuยขuยขuยจยbยกยย!P,h,0.0,1
258,N	~uยจยbยกยย!P,x),0.0,1
259,N	~uยขuยจยbยกยย!P,xh,0.0,1
260,N	~uยจยbยกยย!P,e2,0.0,1
261,N	~uยขuยจยbยกยย!P,ยh,0.0,1
262,N	~uยขuยจยbยกยย!P,dh,0.0,1
263,N	~uยจยbยกยย!P,ย@,0.0,1
264,N	~uยขuยขuยขuยขuยจยbยกยย!P,xh,0.0,1
265,N	~uยขuยขuยขuยขuยจยbยกยย!P,hย'cac,0.0,1
266,N	~uยจยbยกยย!P,ehยc,0.0,1
267,N	~uยขuยขuยขuยขuยขuยขuยจยbยกยย!P,dh,0.0,1
268,N	~uยขuยจยbยกยย!P,e2,0.0,1
269,N	~uยขuยจยbยกยย!P,x),0.0,1
270,N	~uยจยbยกยย!P,h,0.0,1
271,N	~uยขuยขuยจยbยกยย!P,dh,0.0,1
272,N	~uยจยbยกยย!P,dh,0.0,1
273,N		~uยขuยขuยขuยจยbยกยย!P,xh,0.0,1
274,N	~uยจยbยกยย!P,|,0.0,1
275,N	~uยขuยจยbยกยย!P,dh,0.0,1
276,N	~uยขuยจยbยกยย!P,x)5i,0.0,1
277,N	~uยขuยจยbยกยย!P,e2c,0.0,1
278,N	~uยขuยขuยขuยจยbยกยย!P,ehยcac,0.0,1
279,N	~uยขuยจยbยกยย!P,|ย',0.0,1
70,%?ยi#i#i}Q2ย ยbยกW0Pย,Uยฅri#i#ยยi}Q2 ยbpW0Pย,0.5581887164035311,2
71,%?ยi#i}Q2ย ยbยกW0ย,TZri#ย}Q2 ยยยกW0ย,0.5207225693870081,2
72,%?ยi#i#i#i#i#i#i#i#i}Q2ย ยbยกW0ย,?ri#ii#ยCi}/:ยย>bยก|0ย,0.375994735622626,2
73,%?ยi#i}Q2ย ยbยกW0ย,Tยฅยiยฆย}Q2 ย>bยก|0Pย,0.5233494851867825,2
74,%?ยi#i#i}Q2ย ยbยกW0ย,%ยri}/:ยยKยกW0ย,0.44752113991208775,2
75,%?ยi}Q2ย ยbยกW0ย,%ยยiยQ2 ย>bo0ย,0.5946775361184419,2
76,%?ยi#i#i}Q2ย ยbยกW0ย,@ยฅยยยiยย}Q2 ย>ยกWyย,0.45640786879984163,2
77,%?ยi#i}Q2ย ยbยกW0ย,U?ยยฃiยQ2 ยยlW0ย,0.4873241822239567,2
78,%?ยi}Q2ย ยbยกW0Pย,zi}/+ ยbยกW0Pย,0.5878728366789148,2
79,%?ยi#i#i}Q2ย ยbยกW0Pย,ยฅriยฆย}Q2 ยbยก|ยงPย,0.44238570491457296,2
80,%?ยi}Q2ย ยbยกW0ย,%ยฅri}/ยค ย>bW0ย,0.562935528319539,2
81,%?ยi#i#i}Q2ย ยbยกW0ย,%?rยยi}Q2 ยยยก|ยงย,0.41421455949122654,2
82,%?ยi}Q2ย ยbยกW0ย,%?rย}Q2ยยW0ย,0.5398334994571472,2
83,%?ยi}Q2ย ยbยกW0Pย,%ยยยยQ2 ย6bpW0Pย,0.5529727135082156,2
84,%?ยi#i}Q2ย ยbยกW0ย,T?ยยย/:ยย>bpW0ย,0.4523048444765432,2
85,%?ยi}Q2ย ยbยกW0ย,'ยขu?ยย}/:ย ย>bpW0ย,0.5398339165074464,2
86,%?ยi}Q2ย ยbยกW0ย,"?ri}Q2 ยยยกWy,ย",0.46232058732849435,2
87,%?ยi#i}Q2ย ยbยกW0Pย,%ยยi}Q7ย6bWyย,0.4027309519383907,2
88,%?ยi#i#i#i#i#i}Q2ย ยbยกW0Pย,cยฅri#iยฆยยi#i#ย}/:nยยยW0Pย,0.37395838841513573,2
89,%?ยi}Q2ย ยbยกW0ย,?riยQ2ยค ย>ยก|ยงย,0.4690369370943288,2
90,%?ยi}Q2ย ยbยกW0ย,'?rย}/3aย>KยกW0ย,0.46006802371322353,2
91,%?ยi}Q2ย ยbยกW0ย,%ยฅยยยQ2 ย>Kยก|0ย,0.5061596548845843,2
92,%?ยi}Q2ย ยbยกW0ย,ยย}/:ยย6bpW0ย,0.45743206518534185,2
93,%?ยi}Q2ย ยbยกW0Pย,?r]ยQ ย>bยก|0ย,0.4423603760690822,2
94,%?ยi#i#i#i#i}Q2ย ยbยกW0ย,%ยฅยiGiยยยi#i}/:ยยbยก|0ย,0.40731943496928225,2
95,%?ยi#i#i}Q2ย ยbยกW0ย,"ยฅri#i}/:ยย6bยกWy,d",0.3331667023746042,2
96,%?ยi}Q2ย ยbยกW0ย,%ยmi}/:ย6ยกW0ย,0.4495191328695496,2
97,%?ยi#i#i#i#i#i}Q2ย ยbยกW0ย,"ยยiยยยยยฆi#iยQnยยbpWy,ย",0.33898363663312725,2
98,%?ยi}Q2ย ยbยกW0ย,U$kiยQ2 ยยก|ยงย,0.44061550552864137,2
99,%?ยi}Q2ย ยbยกW0ย,%?ยยฃ}Q9ยคVย6bo[ย,0.45000593143600354,2
100,%?ยi}Q2ย ยbยกW0ย,TZย}Q+ย ย>bยก|0ย,0.4159848011049154,2
101,%?ยi#i}Q2ย ยbยกW0ย,t?ri#ยย/:ย ย>bpWyย,0.4235555119657586,2
102,%?ยi#i#i#i#i#i#i#i}Q2ย ยbยกW0ย,%ยri#iยi#iยQ7nยย6ยยก|0ย,0.28502749325302434,2
103,%?ยi#i#i#i#i#i#i#i}Q2ย ยbยกW0Pย,?r]C]iG^Gi#ยยยQ2 ย>bo0ย,0.27657306660730197,2
104,%?ยi#i#i#i#i#i}Q2ย ยbยกW0ย,TยฅยยยยยRยยย}/3 ยยยกW0ย,0.28677900531728695,2
105,%?ยi#i#i#i#i#i#i#i}Q2ย ยbยกW0ย,%ยr]ยฆiGยยยยi#i#iCยยย}/:ย ย6ยยกW0Pย,0.32271466667776316,2
106,%?ยi}Q2ย ยbยกW0ย,Y?ยiย/:ยยยo0ย,0.42857385574153095,2
107,%?ย?ยi}Q2ย ยbยกW0Pย,?r]GiยQ2 ย6bo[Pย,0.3873355798109722,2
108,%?ยi#i#i}Q2ย ยbยกW0ย,cยฅยiGi}/ยย;>bpW0ย,0.33354561671912,2
109,%?ยi}Q2ย ยbยกW0ย,@?ยยย/:ยย6bยก|ยงย,0.41365297334655426,2
110,%?ยi}Q2ย ยbยกW0ย,cยฅยย}/:ย ยยo0ย,0.42298355056408243,2
111,%?ย?ยi#i#i}Q2ย ยbยกW0Pย,?ย?ri#ยยQ2ย6ยยก|0ย,0.2986241694170759,2
112,%?ยi}Q2ย ยbยกW0Pย,Y?ri}/: ยยo0Pย,0.40838492962278183,2
113,%?ยi#i}Q2ย ยbยกW0ย,%?ยยฃยQ23ย6ยก|0ย,0.3673876140121568,2
114,%?ย?ยi#i}Q2ย ยbยกW0Pย,TZriG^ยQ2 ยยhx0Pย,0.3461660111917757,2
115,%?ยi#i}Q2ย ยbยกW0ย,%?ยยยฆiยQ+ยยo0ย,0.3790382959184252,2
116,%?ยi#i#i#i}Q2ย ยbยกW0ย,%ยยยฅยi}/ยย ยยo0ย,0.2795836631330224,2
117,%?ยi}Q2ย ยbยกW0ย,?ยย}/ยยยยW0ย,0.40988595020395957,2
118,%?ยi}Q2ย ยbยกW0ย,"@ยฅrย}Q2 ย>lยจ 0ย",0.3931855914474448,2
119,%?ยi}Q2ย ยbยกW0ย,"%?ri}Q93a*ย_lยจ 0ย",0.41467456550049886,2
120,%?ยi}Q2ย ยbยกW0ย,%ยยยฃ}Q2ย6ยo0ย,0.3721575851958776,2
121,%?ยi#i}Q2ย ยbยกW0ย,cri#ย}Q2ย6ยยก|0ย,0.3628989793698141,2
122,%?ยi#i}Q2ย ยbยกW0ย,ยยi#ย}/:ยย6ยยก|0ย,0.35459363847547576,2
123,%?ยi#i}Q2ย ยbยกW0ย,ยฅยยฃiย/:ยย6bยก|ยงย,0.3481595961801668,2
124,%?ยi#i#i}Q2ย ยbยกW0ย,%?ยi#i#i,0.30050646135528425,2
125,%?ยi}Q2ย ยbยกW0ย,%ยยiยQn ย6ยยก|ยงย,0.4109199587872028,2
126,%?ยi#i#i#i#i#i#i}Q2ย ยbยกW0ย,ยฅri#iiยฆi#iย/:ยยo[ย,0.27026651272566304,2
127,%?ยi}Q2ย ยbยกW0ย,Y&\i}/ยยยกWyย,0.3960928663159683,2
128,%?ยi#i#i}Q2ย ยbยกW0ย,"%ยฅยยฃ}/+nยยยยกWy,ย",0.30222844488860623,2
129,%?ยi#i#i}Q2ย ยbยกW0ย,'ยฅยiยฆยยฆiยQ2ยยยก|ยงย,0.2919772658280495,2
130,%?ย?ยi#i}Q2ย ยbยกW0ย,%?ย?ยi#i,0.3159093638987217,2
131,%?ยi#i}Q2ย ยbยกW0ย,@ยฅriยQ2 ย6ยยก|0ย,0.32329999886838556,2
132,%?ยi#i}Q2ย ยbยกW0ย,?ยยฃeO ย>o0ย,0.30644908879347577,2
133,%?ย?ยi}Q2ย ยbยกW0ย,r]}/:ย ย6ยยกW0ย,0.3407280212935542,2
134,%?ยi}Q2ย ยbยกW0ย,"%ยr]ยQ2 ย>bยกWy,d",0.36785107026666397,2
135,%?ยi}Q2ย ยbยกW0ย,Y?ยย}/ยค ยlยก|ยงvย,0.3516247282960596,2
136,%?ยi}Q2ย ยbยกW0ย,%ยr]s/:ยย6W0ย,0.34876074899743015,2
137,%?ยi#i}Q2ย ยbยกW0ย,t?ri}/+ ยยo[ย,0.30194106062888715,2
138,%?ยi#i}Q2ย ยbยกW0Pย,c?ri#i}/:ยคVf{!lยก|ยงPย,0.35126808081970506,2
139,%?ยi}Q2ย ยbยกW0ย,%ยmย}Q93 ย>bยก|ยงvย,0.376150333270338,2
140,%?ยi#i}Q2ย ยbยกW0ย,%ยฅยยยQ2ยคย6ยยก|ยงย,0.2949459509496133,2
141,%?ยi}Q2ย ยbยกW0Pย,ยฅri}Q2ยคVf{!lW0Pย,0.3748077730030036,2
142,%?ยi}Q2ย ยbยกW0ย,"c?ri}/+ยย6bpWy,ย",0.350077331953494,2
143,%?ยi}Q2ย ยbยกW0ย,Uยฅยยฃ/:nย>bpW0ย,0.34827179087993665,2
144,%?ยi}Q2ย ยbยกW0ย,ยNย}/:ย ยยo0ย,0.36088365089148866,2
145,%?ยi#i}Q2ย ยbยกW0ย,"%ยri#ย}/:ยย6ยยกWy,d",0.28562643748470806,2
146,%?ยi#i#i#}iQ2ย ยbยกW0ย,?r]ยG^ยiย/:ย ยยo0ย,0.28518657587841967,2
147,%?ยi#i}Q2ย ยbยกW0ย,%?ยยฃยยQ2ยย>WyXย,0.31056120772614815,2
148,%?ยi#i#i}Q2ย ยbยกW0ย,Tยฅยi#ยยย}/:ยย6o0ย,0.2817859206881592,2
149,%?ยi#i#i#i#i#i#i#i#i}Q2ย ยbยกW0ย,"%?ยยฃยยยยฆยยฆi#ยยi#i#i#ยCi}/9n ย6ยยกWy,ย",0.3684621555050521,2
150,%?ยi#i#i}Q2ย ยbยกW0ย,"'ยฅยiยQ9ย ย6bWy,d",0.2519808388492677,2
151,%?ยi}Q2ย ยbยกW0ย,zยยQ2ย ยยlยกWyXย,0.3289286569309706,2
152,%?ยi}Q2ย ยbยกW0ย,ยฅยiยQ2 ยยยยAย,0.3164246407874881,2
153,%?ยi}Q2ย ยbยกW0ย,"%ยฅr]}/:ยยยlWy,ย",0.3001315007369567,2
154,%?ยi#i#i#i#i}Q2ย ยbยกW0ย,%ยยยฃยฃยยยยย}/:ย ยยo0ย,0.2965158739622402,2
155,%?ยi#i#i#i#i}Q2ย ยbยกW0ย,c`i#i#ยยยย-S)7ยคยยยกWyย,0.27385689904583266,2
156,%?ยi#i}Q2ย ยbยกW0ย,ยฅrย}/:ยยยo0ย,0.26689121374748215,2
157,%?ยi#i}Q2ย ยbยกW0ย,@?ยiยQ2 ยยยยAย,0.25403510316155065,2
158,%?ยi#i#i#i#i#i#i#i}Q2ย ยbยกW0Pย,ยฅยยยยG^G^Cยยย}/:ยค ยยยกW0Pย,0.25859327666146514,2
159,%?ยi}Q2ย ยbยกW0ย,ยฅrยยQ+ ยยยก|ยงย,0.31085781037350646,2
160,%?ยi#i}Q2ย ยbยกW0ย,ยฅยiG^ย/93 ยยยก|ยงvย,0.25360644070996163,2
161,%?ยi#i#i#i#i}Q2ย ยbยกW0ย,%ยBzยiiยยฆiยQ2ย6ยยก|0ย,0.28440741997288077,2
162,%?ยi#i}Q2ย ยbยกW0ย,ยฅยiยQ2n ย6ยยก|ยงvย,0.24347046646135895,2
163,%?ยi#i#i}Q2ย ยbยกW0ย,c?ri#ยยย}Q2ย ย6ยo[HD,0.24344299038589368,2
164,%?ย?ยi#i}Q2ย ยbยกW0Pย,?r]}/ยยย>ย0Pย,0.20160262621953684,2
165,%?ยi#i}Q2ย ยbยกW0Pย,'ยฅยยฃ}/:3aย6o0Pย,0.20775009739825767,2
166,%?ยi}Q2ย ยbยกW0ย,"zยยยQ2 ยยWy,d",0.25848128700318174,2
167,%?ยi#i#i}Q2ย ยbยกW0ย,%ยr]}/:ย ยยo[Hย,0.237577177744554,2
168,%?ยi#i}Q2ย ยbยกW0ย,"'?rย}/:ย ย6ยWy,d",0.219008677225349,2
169,%?ยi#i}Q2ย ยbยกW0ย,%?riยQ2ย;5wo[Hย,0.2164000667281466,2
170,%?ย?ยi}Q2ย ยbยกW0ย,ยฅrยย/ยยย>bยก|0Pย,0.24089370986632175,2
171,%?ยi#i}Q2ย ยbยกW0ย,"cยฅยยยiย/ยยย>bpWy,d",0.2209725255062518,2
172,%?ยi#i}Q2ย ยbยกW0ย,?rย}Q+ยยยยก|ยงvย,0.20327492439112227,2
173,%?ย?ยi}Q2ย ยbยกW0ย,%ยฅยยฃยQ+ ย>o[Hย,0.24180531094416313,2
174,%?ยi#i#i#i#i}Q2ย ยbยกW0ย,'?r]Cยยi#i#i}/:ย6ยยก|ยงvย,0.2578681800970858,2
175,%?ยi}Q2ย ยbยกW0ย,ยฅr]sQ2 ยยo[Hย,0.202634310174862,2
176,%?ยi#i}Q2ย ยbยกW0ย,YยฅriยยยQnยJF~KMW0ย,0.2176140159423754,2
177,%?ยi}Q2ย ยbยกW0ย,cยฅยยฃยQ2n ย6ยo[Hย,0.21106924626770895,2
178,%?ย?ยi#i#i#i}Q2ย ยbยกW0Pย,T?rยยiยRย}Q7ยคVยยยAย,0.2438844543668096,2
179,%?ยi#i}Q2ย ยbยกW0Pย,"@ยฅยยยQ+ยยlยจ L	ย",0.17880786324255538,2
180,%?ยi#i#i#i#i#i#i#i#i#i}Q2ย ยbยกW0ย,%ยฅriCยยi#ยCยยย}/:ยยยKยก|ยงvย,0.21043123242495132,2
181,%?ยi}Q2ย ยbยกW0ย,cยฅriยQ2ยคVยยo[HD,0.19665601543172262,2
182,%?ยi#i#i}Q2ย ยbยกW0ย,T?ยยฃยยiยQ2nย6ย0ย,0.23668429295781268,2
183,%?ยi}Q2ย ยbยกW0Pย,'ยขqย}/93ย6ยยก|0Pย,0.2832298963900207,2
184,%?ยi#i#i}Q2ย ยbยกW0Pย,%ยฅr]Cยยยย/:3aย>bยก|ยง=vย,0.18293512788311606,2
185,%?ยi#i}Q2ย ยbยกW0ย,Y?ยยยยยQ2nย6ยo[ย,0.17971236648788946,2
186,%?ยi#i#i#i#i#i}Q2ย ยbยกW0ย,%ยฅยยฃG^ยยยยยi#ย}Qยย ย>Kยก|ยงvย,0.2581393108636403,2
187,%?ยi}Q2ย ยbยกW0ย,"ยย}/:ยย6lยจ L4ย",0.19191415408075962,2
188,%?ยi#i}Q2ย ยbยกW0ย,Y?rยย-ยQ9ยคย6bยก|ยงvย,0.18674240203545922,2
189,%?ยi}Q2ย ยbยกW0ย,%?ยยฃย,0.15541790794961452,2
190,%?ยi#i}Q2ย ยbยกW0ย,%?ยยฃi#i,0.1465240917648456,2
191,%?ยi#i#i#i}Q2ย ยbยกW0ย,Y&\-ยยi#ยยย}/:ยย>bo0ย,0.25182941897971967,2
192,%?ยi}Q2ย ยbยกW0ย,%ยฅrย}/+ ย6ยo[Pย,0.2209079383992495,2
193,%?ยi#i#i#i#i}Q2ย ยbยกW0ย,%ยmiยยยRยย}/7ยย6KยกW0ย,0.24840348654970712,2
194,%?ยi#i}Q2ย ยbยกW0ย,ยฅr]}/nยยo[Hย,0.1458999106266733,2
195,%?ยi#i}Q2ย ยbยกW0ย,'ยฅยiยi,0.12698057297900056,2
196,%?ย?ยi#i#i}Q2ย ยbยกW0ย,%ยr]C]CiยRยย}/:ยยยยก|ยงvย,0.23546169477225765,2
197,%?ยi}Q2ย ยbยกW0Pย,zยย}/9ยย6lยก|ยง=vย,0.14398232428644797,2
198,%?ยi}Q2ย ยbยกW0ย,%?ri,0.15218844744926918,2
199,%?ยi}Q2ย ยbยกW0ย,"Y&\ย}Q+ย>KM1""ย",0.12176600774707447,2
200,%?ยi#i#i#i}Q2ย ยbยกW0ย,%ยยยฃยยยยiยฆยยQ2ยยbยก|ยงPย,0.2658226676725818,2
201,%?ยi#i}Q2ย ยbยกW0ย,?ยย,0.09805168791959429,2
202,%?ยi}Q2ย ยbยกW0ย,%?,0.10936147576348276,2
203,%?ยi}Q2ย ยbยกW0ย,t?ยยฃ,0.11089812373244667,2
204,%?ยi}Q2ย ยbยกW0ย,cยฅยi,0.1051514333637813,2
205,%?ย?ยi#i#i#i#i#i#i}Q2ย ยbยกW0ย,"Y&rยยRยฃยยiGiยQ2ย ยย
.ย",0.20295484504494998,2
206,%?ยi#i#i#i#i}Q2ย ยbยกW0ย,ยฅยยย-ย}Q93aย6ยo[ย,0.1355844545506144,2
207,%?ยi}Q2ย ยbยกW0Pย,"%ยr]ยRg/9ยยย
0Pย",0.20666956012814475,2
208,%?ยi#i#i#i#i#i#i#i#i}Q2ย ยbยกW0ย,Y?rยยi#ยยฆยยยยiย/:ยย6Ko[ย,0.15040949539125836,2
209,%?ยi#i#i#i#i#i}Q2ย ยbยกW0ย,%ยฅยยฃG^Gi,0.09144120825397828,2
210,%?ยi#i#i}Q2ย ยbยกW0ย,Y?ri,0.08778745046614944,2
211,%?ยi#i#i#i}Q2ย ยbยกW0Pย,'ยขยยยiยRยRย,0.07608627203199003,2
212,%?ยi}Q2ย ยbยกW0ย,c?ยย,0.10895747609364925,2
213,%?ยi#i#i#i#i}Q2ย ยbยกW0ย,TยฅยiยฆยยยยยยยยG^,0.07632571957853129,2
214,%?ยi}Q2ย ยbยกW0ย,%?,0.10767544886289804,2
215,%?ยi#i#i#i}Q2ย ยbยกW0ย,ยยi,0.08069277010403475,2
216,%?ยi#i#i#i}Q2ย ยbยกW0ย,tยฅยi,0.0774768269345637,2
217,%?ยi}Q2ย ยbยกW0ย,%ยฅยยฃ,0.10417025867887608,2
218,%?ย?ยi#i#i#i}Q2ย ยbยกW0Pย,?ย?rยยย,0.10660863297162981,2
219,%?ยi}Q2ย ยbยกW0Pย,%?rย,0.09753122056017238,2
220,%?ยi#i#i#i}Q2ย ยbยกW0ย,'ยฅยi,0.07935024069884689,2
221,%?ยi#i#i}Q2ย ยbยกW0ย,%?r],0.08594125326953739,2
222,%?ยi#i#i#i}Q2ย ยbยกW0ย,ยฅยยยi,0.0782031615942379,2
223,%?ยi}Q2ย ยbยกW0ย,%?rย,0.1025282296296296,2
224,%?ยi}Q2ย ยbยกW0ย,%ยmi,0.10835355432241578,2
225,%?ยi#i#i#i#i}Q2ย ยbยกW0ย,%ยยยฃ,0.07143903160486442,2
226,%?ยi#i}Q2ย ยbยกW0ย,%?rย,0.09514443684210527,2
227,%?ยi}Q2ย ยbยกW0Pย,ยฅยi,0.09445844768876932,2
228,%?ยi#i}Q2ย ยbยกW0ย,?,0.04908388000000008,2
229,%?ย?ยi#i#i#i#i#i}Q2ย ยbยกW0ย,?,0.033321586666666625,2
230,%?ยi#i}Q2ย ยbยกW0ย,tยฅri,0.04914820040333068,2
231,%?ยi#i}Q2ย ยbยกW0ย,'?,0.049985500000000016,2
232,%?ยi#i#i#i#i}Q2ย ยbยกW0Pย,ยฅยยยQ7ยคVf{!o[ยHD,0.0636903167056575,2
233,%?ยi}Q2ย ยbยกW0ย,%ย,0.055359762833008475,2
234,%?ยi#i#i#i#i#i#i#i#i#i#i}Q2ย ยbยกW0ย,Y&rยยยยiGยยฆยยG^Gii#iCi#iยฆi#ยย/:n ยยW0ย,0.3075405800820422,2
235,%?ยi#i}Q2ย ยbยกW0ย,'?r],0.04955607333333334,2
236,%?ยi#i}Q2ย ยbยกW0ย,t?r],0.04983393333333341,2
237,%?ยi#i}Q2ย ยbยกW0ย,@ยฅยย,0.049954890266290186,2
238,%?ยi}Q2ย ยbยกW0ย,tยฅยย,0.05533777895786374,2
239,%?ยi}Q2ย ยbยกW0ย,?,0.055550503703703735,2
240,%?ยi#i}Q2ย ยbยกW0ย,%ย,0.049835190058479584,2
241,%?ยi}Q2ย ยbยกW0ย,?r]ย-,0.05429240740740737,2
242,%?ยi#i#i}Q2ย ยbยกW0ย,@ยฅยย,0.04473156983171056,2
243,%?ยi#i}Q2ย ยbยกW0ย,t?,0.049940166666666785,2
244,%?ยi#i#i#i#i}Q2ย ยbยกW0ย,'?,0.03778741025641019,2
245,%?ยi#i#i#i#i}Q2ย ยbยกW0ย,c?,0.038344938461538414,2
246,%?ย?ยi}Q2ย ยbยกW0ย,?,0.04938537333333337,2
247,%?ยi}Q2ย ยbยกW0Pย,%ยmยยย,0.052288935056940655,2
248,%?ยi#i#i#i}Q2ย ยbยกW0Pย,T?rย,0.039890602666666664,2
249,%?ยi}Q2ย ยbยกW0Pย,Y?,0.04998670877192968,2
250,%?ยi}Q2ย ยbยกW0ย,Tยฅยยฃ,0.0523322081278097,2
251,%?ยi#i}Q2ย ยbยกW0ย,%ยmย,0.048314239766081846,2
252,%?ยi}Q2ย ยbยกW0ย,%ยฅ,0.05428032813515271,2
253,%?ยi#i#i#i}Q2ย ยbยกW0ย,%ย,0.03917876461988301,2
254,%?ยi#i}Q2ย ยbยกW0ย,'ยฅยยฃ,0.042254401767844785,2
255,%?ยi#i#i#i}Q2ย ยbยกW0ย,ยฅยยฃ,0.03726192481520718,2
256,%?ยi#i#i}Q2ย ยbยกW0ย,%ย,0.037594152046783624,2
257,%?ยi}Q2ย ยbยกW0ย,%ย,0.04892056530214417,2
258,%?ยi#i#i}Q2ย ยbยกW0ย,%ยฅ,0.043176329080276576,2
259,%?ยi#i#i#i#i}Q2ย ยbยกW0Pย,%ยฅ,0.03532562269872208,2
260,%?ยi#i#i}Q2ย ยbยกW0ย,%ยฅ,0.04010219298245621,2
261,%?ยi}Q2ย ยbยกW0ย,%ย,0.027954191033138454,2
262,%?ยi#i}Q2ย ยbยกW0ย,@ยฅr]ยRg/ยยย6o[Hย,0.02143737647738697,2
263,%?ยi#i}Q2ย ยbยกW0ย,Yยฅ,0.0,2
264,%?ยi}Q2ย ยbยกW0ย,,0.0,2
265,%?ย?ยi}Q2ย ยbยกW0ย,ยNย,0.0,2
266,%?ยi#i#i}Q2ย ยbยกW0ย,c,0.0,2
267,%?ยi}Q2ย ยbยกW0ย,r],0.0,2
268,%?ยi#i}Q2ย ยbยกW0ย,@ยฅ,0.0,2
269,%?ยi#i}Q2ย ยbยกW0ย,ยฅ,0.0,2
270,%?ยi#i}Q2ย ยbยกW0ย,cยฅrย,0.0,2
271,%?ยi#i}Q2ย ยbยกW0ย,@ยฅ,0.0,2
272,%?ยi#i#i#i}Q2ย ยbยกW0ย,Yยฅ,0.0,2
273,%?ยi}Q2ย ยbยกW0Pย,cยฅrยยย,0.0,2
274,%?ยi#i}Q2ย ยbยกW0ย,Y&,0.0,2
275,%?ยi}Q2ย ยbยกW0ย,@ยฅ,0.0,2
276,%?ยi}Q2ย ยbยกW0ย,Y&,0.0,2
277,%?ยi#i#i#i}Q2ย ยbยกW0Pย,Yยฅrยยย,0.0,2
278,%?ยi#i#i}Q2ย ยbยกW0Pย,@ยฅ,0.0,2
279,%?ยi}Q2ย ยbยกW0ย,tยฅ,0.0,2
